sequence_id,rep_id,rep_json_path,member_json_path
7zkt_B,,,1k/7zkt_B.json
7zkj_B,,,1k/7zkj_B.json
7zit_D,,,1k/7zit_D.json
7zit_C,,,1k/7zit_C.json
7z42_X,,,1k/7z42_X.json
7z32_A,,,1k/7z32_A.json
7x99_B,,,1k/7x99_B.json
7x2p_A,,,1k/7x2p_A.json
7wun_X,,,1k/7wun_X.json
7wrx_G,,,1k/7wrx_G.json
7wku_J,,,1k/7wku_J.json
7w93_A,,,1k/7w93_A.json
7vsd_A,,,1k/7vsd_A.json
7uk6_A,,,1k/7uk6_A.json
7u5q_A,,,1k/7u5q_A.json
7tpu_A,,,1k/7tpu_A.json
7to7_C,,,1k/7to7_C.json
7tlm_A,,,1k/7tlm_A.json
7tem_B,,,1k/7tem_B.json
7ta3_A,,,1k/7ta3_A.json
7t9y_C,,,1k/7t9y_C.json
7t6i_C,,,1k/7t6i_C.json
7t0l_C,,,1k/7t0l_C.json
7scd_A,,,1k/7scd_A.json
7s5o_C,,,1k/7s5o_C.json
7rps_A,,,1k/7rps_A.json
7rg1_B,,,1k/7rg1_B.json
7rds_A,,,1k/7rds_A.json
7rb4_A,,,1k/7rb4_A.json
7r5a_A,,,1k/7r5a_A.json
7qss_A,,,1k/7qss_A.json
7qrh_BBB,,,1k/7qrh_BBB.json
7q46_F,,,1k/7q46_F.json
7ppa_C,,,1k/7ppa_C.json
7poi_C,,,1k/7poi_C.json
7pd1_B,,,1k/7pd1_B.json
7pcs_A,,,1k/7pcs_A.json
7p81_u,,,1k/7p81_u.json
7p81_m,,,1k/7p81_m.json
7p81_k,,,1k/7p81_k.json
7oze_AAA,,,1k/7oze_AAA.json
7oun_B,,,1k/7oun_B.json
7or8_P,,,1k/7or8_P.json
7ol9_B,,,1k/7ol9_B.json
7obk_B,,,1k/7obk_B.json
7obg_B,,,1k/7obg_B.json
7oa7_A,,,1k/7oa7_A.json
7now_D,,,1k/7now_D.json
7nla_P,,,1k/7nla_P.json
7nay_A,,,1k/7nay_A.json
7n4k_C,,,1k/7n4k_C.json
7n40_B,,,1k/7n40_B.json
7n1n_A,,,1k/7n1n_A.json
7ml9_A,,,1k/7ml9_A.json
7m5l_E,,,1k/7m5l_E.json
7m3w_B,,,1k/7m3w_B.json
7ly7_B,,,1k/7ly7_B.json
7lvz_D,,,1k/7lvz_D.json
7lo1_A,,,1k/7lo1_A.json
7lj2_A,,,1k/7lj2_A.json
7l71_A,,,1k/7l71_A.json
7kfa_D,,,1k/7kfa_D.json
7k95_A,,,1k/7k95_A.json
7k3p_A,,,1k/7k3p_A.json
7k17_B,,,1k/7k17_B.json
7jtv_E,,,1k/7jtv_E.json
7jmm_B,,,1k/7jmm_B.json
7jl6_A,,,1k/7jl6_A.json
7fad_B,,,1k/7fad_B.json
7erv_A,,,1k/7erv_A.json
7eqc_J,,,1k/7eqc_J.json
7eqc_G,,,1k/7eqc_G.json
7ehs_A,,,1k/7ehs_A.json
7eeh_B,,,1k/7eeh_B.json
7edd_A,,,1k/7edd_A.json
7e8l_A,,,1k/7e8l_A.json
7dmo_E,,,1k/7dmo_E.json
7dgx_B,,,1k/7dgx_B.json
7ddm_E,,,1k/7ddm_E.json
7dbo_A,,,1k/7dbo_A.json
7d34_A,,,1k/7d34_A.json
7d17_A,,,1k/7d17_A.json
7cvo_A,,,1k/7cvo_A.json
7cpo_C,,,1k/7cpo_C.json
7cna_F,,,1k/7cna_F.json
7c7u_A,,,1k/7c7u_A.json
7c5d_C,,,1k/7c5d_C.json
7c41_D,,,1k/7c41_D.json
7c1i_A,,,1k/7c1i_A.json
7bn6_B,,,1k/7bn6_B.json
7bj9_B,,,1k/7bj9_B.json
7b88_B,,,1k/7b88_B.json
7b5t_A,,,1k/7b5t_A.json
7b13_P,,,1k/7b13_P.json
7b04_G,,,1k/7b04_G.json
7b04_B,,,1k/7b04_B.json
7auk_A,,,1k/7auk_A.json
7au7_A,,,1k/7au7_A.json
7ar4_PaP,,,1k/7ar4_PaP.json
7am1_B,,,1k/7am1_B.json
7alv_A,,,1k/7alv_A.json
7aik_A,,,1k/7aik_A.json
7ag1_Z,,,1k/7ag1_Z.json
7aej_C,,,1k/7aej_C.json
6zqq_A,,,1k/6zqq_A.json
6yqh_AAA,,,1k/6yqh_AAA.json
6ymo_D,,,1k/6ymo_D.json
6yhr_A,,,1k/6yhr_A.json
6ygc_D,,,1k/6ygc_D.json
6yg1_C,,,1k/6yg1_C.json
6y6e_A,,,1k/6y6e_A.json
6xsa_B,,,1k/6xsa_B.json
6xod_B,,,1k/6xod_B.json
6xie_I,,,1k/6xie_I.json
6xhq_A,,,1k/6xhq_A.json
6xfu_A,,,1k/6xfu_A.json
6xcq_A,,,1k/6xcq_A.json
6wzx_D,,,1k/6wzx_D.json
6wwa_Y,,,1k/6wwa_Y.json
6ww6_B,,,1k/6ww6_B.json
6wpi_A,,,1k/6wpi_A.json
6wjc_C,,,1k/6wjc_C.json
6wig_A,,,1k/6wig_A.json
6wh5_A,,,1k/6wh5_A.json
6wct_D,,,1k/6wct_D.json
6wat_Q,,,1k/6wat_Q.json
6vop_A,,,1k/6vop_A.json
6vek_A,,,1k/6vek_A.json
6v6n_A,,,1k/6v6n_A.json
6v2h_J,,,1k/6v2h_J.json
6utc_A,,,1k/6utc_A.json
6urv_A,,,1k/6urv_A.json
6uls_B,,,1k/6uls_B.json
6u6l_B,,,1k/6u6l_B.json
6u6k_C,,,1k/6u6k_C.json
6u0i_A,,,1k/6u0i_A.json
6tyy_A,,,1k/6tyy_A.json
6ttd_B,,,1k/6ttd_B.json
6tsp_AAA,,,1k/6tsp_AAA.json
6tri_B,,,1k/6tri_B.json
6tp5_A,,,1k/6tp5_A.json
6tfo_C,,,1k/6tfo_C.json
6szw_C,,,1k/6szw_C.json
6sh9_E,,,1k/6sh9_E.json
6sh7_B,,,1k/6sh7_B.json
6sf6_D,,,1k/6sf6_D.json
6s7l_C,,,1k/6s7l_C.json
6rxk_B,,,1k/6rxk_B.json
6ruq_C,,,1k/6ruq_C.json
6rtw_A,,,1k/6rtw_A.json
6rc9_A,,,1k/6rc9_A.json
6r51_E,,,1k/6r51_E.json
6r3m_A,,,1k/6r3m_A.json
6qzs_C,,,1k/6qzs_C.json
6qyy_A,,,1k/6qyy_A.json
6qwo_B,,,1k/6qwo_B.json
6qnn_B,,,1k/6qnn_B.json
6qkj_A,,,1k/6qkj_A.json
6qfd_B,,,1k/6qfd_B.json
6qfb_B,,,1k/6qfb_B.json
6qa5_A,,,1k/6qa5_A.json
6q9m_B,,,1k/6q9m_B.json
6q3x_A,,,1k/6q3x_A.json
6ppn_L,,,1k/6ppn_L.json
6pl0_B,,,1k/6pl0_B.json
6p8s_C,,,1k/6p8s_C.json
6ok2_D,,,1k/6ok2_D.json
6oh6_A,,,1k/6oh6_A.json
6o8d_L,,,1k/6o8d_L.json
6o8c_E,,,1k/6o8c_E.json
6o3x_D,,,1k/6o3x_D.json
6o38_L,,,1k/6o38_L.json
6nxf_A,,,1k/6nxf_A.json
6nr1_A,,,1k/6nr1_A.json
6nlr_A,,,1k/6nlr_A.json
6nc9_A,,,1k/6nc9_A.json
6n9g_B,,,1k/6n9g_B.json
6n8s_A,,,1k/6n8s_A.json
6mwz_M,,,1k/6mwz_M.json
6mil_B,,,1k/6mil_B.json
6m9a_C,,,1k/6m9a_C.json
6m5y_A,,,1k/6m5y_A.json
6m3p_A,,,1k/6m3p_A.json
6lyx_B,,,1k/6lyx_B.json
6lnd_K,,,1k/6lnd_K.json
6ln3_A,,,1k/6ln3_A.json
6lkn_C,,,1k/6lkn_C.json
6lj9_A,,,1k/6lj9_A.json
6lhd_B,,,1k/6lhd_B.json
6ldy_M,,,1k/6ldy_M.json
6l9l_F,,,1k/6l9l_F.json
6l9j_D,,,1k/6l9j_D.json
6l2w_B,,,1k/6l2w_B.json
6k6r_A,,,1k/6k6r_A.json
6jut_A,,,1k/6jut_A.json
6jue_A,,,1k/6jue_A.json
6joz_C,,,1k/6joz_C.json
6jo0_A,,,1k/6jo0_A.json
6jkk_A,,,1k/6jkk_A.json
6jie_B,,,1k/6jie_B.json
6jho_A,,,1k/6jho_A.json
6jfw_A,,,1k/6jfw_A.json
6jf2_B,,,1k/6jf2_B.json
6jau_B,,,1k/6jau_B.json
6j6a_A,,,1k/6j6a_A.json
6j2e_C,,,1k/6j2e_C.json
6iy9_A,,,1k/6iy9_A.json
6ioh_A,,,1k/6ioh_A.json
6iit_F,,,1k/6iit_F.json
6i79_A,,,1k/6i79_A.json
6i5j_I,,,1k/6i5j_I.json
6i5j_D,,,1k/6i5j_D.json
6hyj_B,,,1k/6hyj_B.json
6hux_A,,,1k/6hux_A.json
6hl5_S,,,1k/6hl5_S.json
6hgt_E,,,1k/6hgt_E.json
6hde_B,,,1k/6hde_B.json
6h8k_G,,,1k/6h8k_G.json
6h8k_4,,,1k/6h8k_4.json
6h41_B,,,1k/6h41_B.json
6gzf_A,,,1k/6gzf_A.json
6gl1_P,,,1k/6gl1_P.json
6ghp_P,,,1k/6ghp_P.json
6ggo_A,,,1k/6ggo_A.json
6g80_B,,,1k/6g80_B.json
6g62_A,,,1k/6g62_A.json
6g0p_B,,,1k/6g0p_B.json
6fxd_A,,,1k/6fxd_A.json
6fj3_A,,,1k/6fj3_A.json
6fey_B,,,1k/6fey_B.json
6fcx_A,,,1k/6fcx_A.json
6f8g_H,,,1k/6f8g_H.json
6f7k_B,,,1k/6f7k_B.json
6f4g_D,,,1k/6f4g_D.json
6f32_A,,,1k/6f32_A.json
6f2r_Q,,,1k/6f2r_Q.json
6f0w_S,,,1k/6f0w_S.json
6f09_A,,,1k/6f09_A.json
6ejl_D,,,1k/6ejl_D.json
6e85_A,,,1k/6e85_A.json
6e1c_A,,,1k/6e1c_A.json
6dv2_G,,,1k/6dv2_G.json
6dg5_A,,,1k/6dg5_A.json
6db1_A,,,1k/6db1_A.json
6cp9_D,,,1k/6cp9_D.json
6cgk_A,,,1k/6cgk_A.json
6byj_G,,,1k/6byj_G.json
6bw3_B,,,1k/6bw3_B.json
6bsb_B,,,1k/6bsb_B.json
6b2v_A,,,1k/6b2v_A.json
6am5_C,,,1k/6am5_C.json
6ait_A,,,1k/6ait_A.json
6ac5_A,,,1k/6ac5_A.json
6a8k_A,,,1k/6a8k_A.json
6a7t_B,,,1k/6a7t_B.json
6a5e_E,,,1k/6a5e_E.json
5zwl_G,,,1k/5zwl_G.json
5zr6_A,,,1k/5zr6_A.json
5zoo_A,,,1k/5zoo_A.json
5zku_F,,,1k/5zku_F.json
5zcy_A,,,1k/5zcy_A.json
5z01_A,,,1k/5z01_A.json
5yzo_A,,,1k/5yzo_A.json
5yyl_A,,,1k/5yyl_A.json
5yws_B,,,1k/5yws_B.json
5ys9_A,,,1k/5ys9_A.json
5yq5_B,,,1k/5yq5_B.json
5ynv_B,,,1k/5ynv_B.json
5yhp_B,,,1k/5yhp_B.json
5yfn_A,,,1k/5yfn_A.json
5ydw_A,,,1k/5ydw_A.json
5y79_B,,,1k/5y79_B.json
5y2f_A,,,1k/5y2f_A.json
5xu6_C,,,1k/5xu6_C.json
5xkj_E,,,1k/5xkj_E.json
5xjx_A,,,1k/5xjx_A.json
5xf9_B,,,1k/5xf9_B.json
5xbk_E,,,1k/5xbk_E.json
5x8n_B,,,1k/5x8n_B.json
5x5l_E,,,1k/5x5l_E.json
5x06_F,,,1k/5x06_F.json
5wze_B,,,1k/5wze_B.json
5wtz_A,,,1k/5wtz_A.json
5w7x_H,,,1k/5w7x_H.json
5w4e_A,,,1k/5w4e_A.json
5vug_A,,,1k/5vug_A.json
5vtg_A,,,1k/5vtg_A.json
5vk1_B,,,1k/5vk1_B.json
5vil_A,,,1k/5vil_A.json
5vei_A,,,1k/5vei_A.json
5uzx_A,,,1k/5uzx_A.json
5uv4_A,,,1k/5uv4_A.json
5u5f_D,,,1k/5u5f_D.json
5tsx_M,,,1k/5tsx_M.json
5ts1_P,,,1k/5ts1_P.json
5tqs_H,,,1k/5tqs_H.json
5tpi_A,,,1k/5tpi_A.json
5t96_B,,,1k/5t96_B.json
5t7n_A,,,1k/5t7n_A.json
5t5m_F,,,1k/5t5m_F.json
5s8j_A,,,1k/5s8j_A.json
5ow0_B,,,1k/5ow0_B.json
5oq3_A,,,1k/5oq3_A.json
5onr_B,,,1k/5onr_B.json
5oeu_A,,,1k/5oeu_A.json
5ocx_A,,,1k/5ocx_A.json
5npj_E,,,1k/5npj_E.json
5noa_A,,,1k/5noa_A.json
5nlg_A,,,1k/5nlg_A.json
5nl8_A,,,1k/5nl8_A.json
5njb_D,,,1k/5njb_D.json
5nd0_C,,,1k/5nd0_C.json
5n9i_A,,,1k/5n9i_A.json
5n8w_D,,,1k/5n8w_D.json
5n8w_C,,,1k/5n8w_C.json
5mrw_F,,,1k/5mrw_F.json
5mgx_D,,,1k/5mgx_D.json
5mcq_D,,,1k/5mcq_D.json
5m8s_B,,,1k/5m8s_B.json
5m43_A,,,1k/5m43_A.json
5llt_A,,,1k/5llt_A.json
5ldg_A,,,1k/5ldg_A.json
5lax_E,,,1k/5lax_E.json
5l91_A,,,1k/5l91_A.json
5l84_A,,,1k/5l84_A.json
5ko0_A,,,1k/5ko0_A.json
5kkl_A,,,1k/5kkl_A.json
5k5w_B,,,1k/5k5w_B.json
5k36_C,,,1k/5k36_C.json
5jug_A,,,1k/5jug_A.json
5ju5_C,,,1k/5ju5_C.json
5jr6_F,,,1k/5jr6_F.json
5jlb_A,,,1k/5jlb_A.json
5jjy_B,,,1k/5jjy_B.json
5jir_A,,,1k/5jir_A.json
5jhn_F,,,1k/5jhn_F.json
5jge_D,,,1k/5jge_D.json
5jer_B,,,1k/5jer_B.json
5jdd_A,,,1k/5jdd_A.json
5jb2_A,,,1k/5jb2_A.json
5j8b_z,,,1k/5j8b_z.json
5j3e_A,,,1k/5j3e_A.json
5iue_K,,,1k/5iue_K.json
5ipx_A,,,1k/5ipx_A.json
5i50_B,,,1k/5i50_B.json
5hst_A,,,1k/5hst_A.json
5hrf_A,,,1k/5hrf_A.json
5hfg_A,,,1k/5hfg_A.json
5hfc_B,,,1k/5hfc_B.json
5hbt_A,,,1k/5hbt_A.json
5h9y_A,,,1k/5h9y_A.json
5h9b_B,,,1k/5h9b_B.json
5h6r_C,,,1k/5h6r_C.json
5h5s_B,,,1k/5h5s_B.json
5gzt_B,,,1k/5gzt_B.json
5gw7_B,,,1k/5gw7_B.json
5grb_B,,,1k/5grb_B.json
5god_C,,,1k/5god_C.json
5gn1_D,,,1k/5gn1_D.json
5glx_A,,,1k/5glx_A.json
5gkk_A,,,1k/5gkk_A.json
5gjx_C,,,1k/5gjx_C.json
5ggp_D,,,1k/5ggp_D.json
5g4c_F,,,1k/5g4c_F.json
5fwe_D,,,1k/5fwe_D.json
5fp1_A,,,1k/5fp1_A.json
5fno_A,,,1k/5fno_A.json
5f0n_A,,,1k/5f0n_A.json
5f0j_C,,,1k/5f0j_C.json
5ewn_A,,,1k/5ewn_A.json
5erg_B,,,1k/5erg_B.json
5ejv_D,,,1k/5ejv_D.json
5ejr_A,,,1k/5ejr_A.json
5e9e_B,,,1k/5e9e_B.json
5e8p_C,,,1k/5e8p_C.json
5e4e_C,,,1k/5e4e_C.json
5e2w_P,,,1k/5e2w_P.json
5dn6_Z,,,1k/5dn6_Z.json
5dhf_D,,,1k/5dhf_D.json
5dac_A,,,1k/5dac_A.json
5da7_B,,,1k/5da7_B.json
5d8b_CB,,,1k/5d8b_CB.json
5d84_A,,,1k/5d84_A.json
5d28_A,,,1k/5d28_A.json
5czo_C,,,1k/5czo_C.json
5csz_D,,,1k/5csz_D.json
5cjb_B,,,1k/5cjb_B.json
5cbf_D,,,1k/5cbf_D.json
5c2y_A,,,1k/5c2y_A.json
5c2k_A,,,1k/5c2k_A.json
5c0p_A,,,1k/5c0p_A.json
5bwj_D,,,1k/5bwj_D.json
5bvi_A,,,1k/5bvi_A.json
5bva_A,,,1k/5bva_A.json
5bu9_B,,,1k/5bu9_B.json
5bk0_E,,,1k/5bk0_E.json
5b7i_A,,,1k/5b7i_A.json
5azw_A,,,1k/5azw_A.json
5aq9_A,,,1k/5aq9_A.json
5app_B,,,1k/5app_B.json
5ako_C,,,1k/5ako_C.json
4zxn_A,,,1k/4zxn_A.json
4zb4_A,,,1k/4zb4_A.json
4z96_C,,,1k/4z96_C.json
4z8a_B,,,1k/4z8a_B.json
4z88_R,,,1k/4z88_R.json
4z7o_G,,,1k/4z7o_G.json
4z7a_A,,,1k/4z7a_A.json
4z61_A,,,1k/4z61_A.json
4z3s_1d,,,1k/4z3s_1d.json
4ywt_B,,,1k/4ywt_B.json
4yo5_A,,,1k/4yo5_A.json
4yo3_A,,,1k/4yo3_A.json
4ynn_A,,,1k/4ynn_A.json
4yjl_G,,,1k/4yjl_G.json
4ycz_A,,,1k/4ycz_A.json
4yai_A,,,1k/4yai_A.json
4y82_h,,,1k/4y82_h.json
4y7w_c,,,1k/4y7w_c.json
4y78_5,,,1k/4y78_5.json
4y74_f,,,1k/4y74_f.json
4y70_f,,,1k/4y70_f.json
4xrw_A,,,1k/4xrw_A.json
4xlo_B,,,1k/4xlo_B.json
4xgr_B,,,1k/4xgr_B.json
4xef_C,,,1k/4xef_C.json
4xcm_B,,,1k/4xcm_B.json
4xb6_C,,,1k/4xb6_C.json
4wz9_M,,,1k/4wz9_M.json
4wpg_A,,,1k/4wpg_A.json
4wmb_A,,,1k/4wmb_A.json
4wlb_D,,,1k/4wlb_D.json
4wj5_C,,,1k/4wj5_C.json
4wd1_A,,,1k/4wd1_A.json
4w4l_B,,,1k/4w4l_B.json
4v3d_A,,,1k/4v3d_A.json
4ueh_I,,,1k/4ueh_I.json
4uau_A,,,1k/4uau_A.json
4u3n_c5,,,1k/4u3n_c5.json
4tma_B,,,1k/4tma_B.json
4tkz_A,,,1k/4tkz_A.json
4s2t_A,,,1k/4s2t_A.json
4run_B,,,1k/4run_B.json
4rs7_B,,,1k/4rs7_B.json
4rqi_F,,,1k/4rqi_F.json
4rpn_A,,,1k/4rpn_A.json
4rle_A,,,1k/4rle_A.json
4rid_B,,,1k/4rid_B.json
4rhw_A,,,1k/4rhw_A.json
4rdv_B,,,1k/4rdv_B.json
4r67_m,,,1k/4r67_m.json
4r3f_A,,,1k/4r3f_A.json
4r32_B,,,1k/4r32_B.json
4qyd_B,,,1k/4qyd_B.json
4qnw_A,,,1k/4qnw_A.json
4qn1_A,,,1k/4qn1_A.json
4q95_A,,,1k/4q95_A.json
4q7o_B,,,1k/4q7o_B.json
4q5n_A,,,1k/4q5n_A.json
4q2j_A,,,1k/4q2j_A.json
4q28_A,,,1k/4q28_A.json
4prn_C,,,1k/4prn_C.json
4ppy_A,,,1k/4ppy_A.json
4ppp_C,,,1k/4ppp_C.json
4ppm_A,,,1k/4ppm_A.json
4pov_A,,,1k/4pov_A.json
4png_B,,,1k/4png_B.json
4owt_C,,,1k/4owt_C.json
4ov9_A,,,1k/4ov9_A.json
4ouq_A,,,1k/4ouq_A.json
4opc_A,,,1k/4opc_A.json
4ooz_A,,,1k/4ooz_A.json
4okw_B,,,1k/4okw_B.json
4ohw_A,,,1k/4ohw_A.json
4of3_B,,,1k/4of3_B.json
4nwb_A,,,1k/4nwb_A.json
4nv0_B,,,1k/4nv0_B.json
4npx_A,,,1k/4npx_A.json
4noc_A,,,1k/4noc_A.json
4nnd_E,,,1k/4nnd_E.json
4nlh_A,,,1k/4nlh_A.json
4nl8_C,,,1k/4nl8_C.json
4n84_C,,,1k/4n84_C.json
4n82_B,,,1k/4n82_B.json
4n78_E,,,1k/4n78_E.json
4mmy_C,,,1k/4mmy_C.json
4m9m_A,,,1k/4m9m_A.json
4m7u_A,,,1k/4m7u_A.json
4m1c_H,,,1k/4m1c_H.json
4lo2_C,,,1k/4lo2_C.json
4lid_A,,,1k/4lid_A.json
4lgv_A,,,1k/4lgv_A.json
4l1d_A,,,1k/4l1d_A.json
4krw_A,,,1k/4krw_A.json
4kha_A,,,1k/4kha_A.json
4k7l_A,,,1k/4k7l_A.json
4k74_D,,,1k/4k74_D.json
4k3o_E,,,1k/4k3o_E.json
4k2h_D,,,1k/4k2h_D.json
4k17_A,,,1k/4k17_A.json
4k0e_A,,,1k/4k0e_A.json
4jyh_G,,,1k/4jyh_G.json
4js1_A,,,1k/4js1_A.json
4jof_C,,,1k/4jof_C.json
4jo1_P,,,1k/4jo1_P.json
4jo0_A,,,1k/4jo0_A.json
4jmr_B,,,1k/4jmr_B.json
4jkk_A,,,1k/4jkk_A.json
4jfe_C,,,1k/4jfe_C.json
4j8g_D,,,1k/4j8g_D.json
4j1y_A,,,1k/4j1y_A.json
4izy_B,,,1k/4izy_B.json
4iyq_A,,,1k/4iyq_A.json
4iqn_A,,,1k/4iqn_A.json
4inh_N,,,1k/4inh_N.json
4ija_A,,,1k/4ija_A.json
4ifq_A,,,1k/4ifq_A.json
4ifi_B,,,1k/4ifi_B.json
4i7h_B,,,1k/4i7h_B.json
4i6x_A,,,1k/4i6x_A.json
4i44_A,,,1k/4i44_A.json
4i0w_A,,,1k/4i0w_A.json
4hzl_E,,,1k/4hzl_E.json
4hyg_B,,,1k/4hyg_B.json
4hy3_A,,,1k/4hy3_A.json
4hx2_B,,,1k/4hx2_B.json
4huj_B,,,1k/4huj_B.json
4htg_A,,,1k/4htg_A.json
4hrg_A,,,1k/4hrg_A.json
4hor_A,,,1k/4hor_A.json
4hln_A,,,1k/4hln_A.json
4hhr_A,,,1k/4hhr_A.json
4had_A,,,1k/4had_A.json
4h0c_A,,,1k/4h0c_A.json
4gqb_C,,,1k/4gqb_C.json
4gos_A,,,1k/4gos_A.json
4go6_A,,,1k/4go6_A.json
4gb7_A,,,1k/4gb7_A.json
4fr2_A,,,1k/4fr2_A.json
4fix_A,,,1k/4fix_A.json
4fir_A,,,1k/4fir_A.json
4fbb_B,,,1k/4fbb_B.json
4f8k_A,,,1k/4f8k_A.json
4f75_C,,,1k/4f75_C.json
4f3v_A,,,1k/4f3v_A.json
4evx_A,,,1k/4evx_A.json
4evi_A,,,1k/4evi_A.json
4esk_C,,,1k/4esk_C.json
4es8_A,,,1k/4es8_A.json
4es7_A,,,1k/4es7_A.json
4eqf_B,,,1k/4eqf_B.json
4dwn_A,,,1k/4dwn_A.json
4dw4_B,,,1k/4dw4_B.json
4dvf_C,,,1k/4dvf_C.json
4dn9_A,,,1k/4dn9_A.json
4dik_A,,,1k/4dik_A.json
4d7s_A,,,1k/4d7s_A.json
4d0k_A,,,1k/4d0k_A.json
4cpd_A,,,1k/4cpd_A.json
4ckp_E,,,1k/4ckp_E.json
4cc9_B,,,1k/4cc9_B.json
4c7n_B,,,1k/4c7n_B.json
4bwc_A,,,1k/4bwc_A.json
4bts_AF,,,1k/4bts_AF.json
4b8c_D,,,1k/4b8c_D.json
4at0_A,,,1k/4at0_A.json
4ad9_A,,,1k/4ad9_A.json
4a7z_A,,,1k/4a7z_A.json
4a1g_H,,,1k/4a1g_H.json
3zzm_A,,,1k/3zzm_A.json
3zyy_X,,,1k/3zyy_X.json
3zy5_A,,,1k/3zy5_A.json
3zqx_A,,,1k/3zqx_A.json
3wsy_C,,,1k/3wsy_C.json
3w1e_A,,,1k/3w1e_A.json
3vvs_B,,,1k/3vvs_B.json
3vrj_C,,,1k/3vrj_C.json
3vke_A,,,1k/3vke_A.json
3v39_A,,,1k/3v39_A.json
3v2u_C,,,1k/3v2u_C.json
3urm_A,,,1k/3urm_A.json
3ups_A,,,1k/3ups_A.json
3uin_D,,,1k/3uin_D.json
3ues_B,,,1k/3ues_B.json
3u37_H,,,1k/3u37_H.json
3u1d_A,,,1k/3u1d_A.json
3txs_C,,,1k/3txs_C.json
3tul_A,,,1k/3tul_A.json
3tkn_B,,,1k/3tkn_B.json
3tj6_B,,,1k/3tj6_B.json
3t7g_D,,,1k/3t7g_D.json
3t0u_B,,,1k/3t0u_B.json
3sy6_A,,,1k/3sy6_A.json
3stv_B,,,1k/3stv_B.json
3sp6_B,,,1k/3sp6_B.json
3shv_D,,,1k/3shv_D.json
3sdl_B,,,1k/3sdl_B.json
3s5q_A,,,1k/3s5q_A.json
3ru2_B,,,1k/3ru2_B.json
3rse_Z,,,1k/3rse_Z.json
3rfy_A,,,1k/3rfy_A.json
3rfr_A,,,1k/3rfr_A.json
3rf2_A,,,1k/3rf2_A.json
3rc4_B,,,1k/3rc4_B.json
3rbq_J,,,1k/3rbq_J.json
3qzv_C,,,1k/3qzv_C.json
3qyy_B,,,1k/3qyy_B.json
3qxz_A,,,1k/3qxz_A.json
3qrc_B,,,1k/3qrc_B.json
3qq4_C,,,1k/3qq4_C.json
3qg6_D,,,1k/3qg6_D.json
3qb2_B,,,1k/3qb2_B.json
3psi_A,,,1k/3psi_A.json
3pnu_A,,,1k/3pnu_A.json
3pnd_C,,,1k/3pnd_C.json
3piw_A,,,1k/3piw_A.json
3ph9_B,,,1k/3ph9_B.json
3pfs_A,,,1k/3pfs_A.json
3p8c_F,,,1k/3p8c_F.json
3ox8_C,,,1k/3ox8_C.json
3ooj_A,,,1k/3ooj_A.json
3ois_A,,,1k/3ois_A.json
3ogi_B,,,1k/3ogi_B.json
3of6_E,,,1k/3of6_E.json
3nwz_A,,,1k/3nwz_A.json
3nwo_A,,,1k/3nwo_A.json
3nrh_A,,,1k/3nrh_A.json
3nj2_B,,,1k/3nj2_B.json
3nii_B,,,1k/3nii_B.json
3nhd_A,,,1k/3nhd_A.json
3ngf_B,,,1k/3ngf_B.json
3n9m_A,,,1k/3n9m_A.json
3n4u_A,,,1k/3n4u_A.json
3n2d_B,,,1k/3n2d_B.json
3mx3_A,,,1k/3mx3_A.json
3mqp_B,,,1k/3mqp_B.json
3mpj_Y,,,1k/3mpj_Y.json
3mkl_B,,,1k/3mkl_B.json
3mj0_A,,,1k/3mj0_A.json
3mce_B,,,1k/3mce_B.json
3m6y_B,,,1k/3m6y_B.json
3m6w_A,,,1k/3m6w_A.json
3m5o_C,,,1k/3m5o_C.json
3m1n_B,,,1k/3m1n_B.json
3lu9_C,,,1k/3lu9_C.json
3lme_A,,,1k/3lme_A.json
3liy_I,,,1k/3liy_I.json
3lhq_A,,,1k/3lhq_A.json
3lfv_A,,,1k/3lfv_A.json
3lex_P,,,1k/3lex_P.json
3kus_C,,,1k/3kus_C.json
3ktn_A,,,1k/3ktn_A.json
3kmj_A,,,1k/3kmj_A.json
3kf8_A,,,1k/3kf8_A.json
3k9v_A,,,1k/3k9v_A.json
3k9e_B,,,1k/3k9e_B.json
3k33_A,,,1k/3k33_A.json
3k12_D,,,1k/3k12_D.json
3jur_D,,,1k/3jur_D.json
3iuk_A,,,1k/3iuk_A.json
3it6_B,,,1k/3it6_B.json
3iqq_B,,,1k/3iqq_B.json
3io1_A,,,1k/3io1_A.json
3ifu_A,,,1k/3ifu_A.json
3ic5_A,,,1k/3ic5_A.json
3ibw_A,,,1k/3ibw_A.json
3i7p_B,,,1k/3i7p_B.json
3i6l_F,,,1k/3i6l_F.json
3i10_A,,,1k/3i10_A.json
3hzp_A,,,1k/3hzp_A.json
3hzh_A,,,1k/3hzh_A.json
3hv9_A,,,1k/3hv9_A.json
3hta_A,,,1k/3hta_A.json
3hj9_A,,,1k/3hj9_A.json
3hiu_D,,,1k/3hiu_D.json
3hba_B,,,1k/3hba_B.json
3h8d_E,,,1k/3h8d_E.json
3h6g_B,,,1k/3h6g_B.json
3h41_A,,,1k/3h41_A.json
3h36_A,,,1k/3h36_A.json
3gz7_A,,,1k/3gz7_A.json
3gwk_C,,,1k/3gwk_C.json
3gt7_A,,,1k/3gt7_A.json
3gsx_P,,,1k/3gsx_P.json
3gr5_A,,,1k/3gr5_A.json
3gnj_A,,,1k/3gnj_A.json
3gms_A,,,1k/3gms_A.json
3gld_A,,,1k/3gld_A.json
3ge5_A,,,1k/3ge5_A.json
3gd7_A,,,1k/3gd7_A.json
3gcg_B,,,1k/3gcg_B.json
3ga9_S,,,1k/3ga9_S.json
3g8r_A,,,1k/3g8r_A.json
3fv3_P,,,1k/3fv3_P.json
3fux_C,,,1k/3fux_C.json
3fqn_C,,,1k/3fqn_C.json
3fnd_A,,,1k/3fnd_A.json
3fmg_A,,,1k/3fmg_A.json
3fia_A,,,1k/3fia_A.json
3f9k_M,,,1k/3f9k_M.json
3f6n_B,,,1k/3f6n_B.json
3euh_B,,,1k/3euh_B.json
3esi_A,,,1k/3esi_A.json
3ek3_A,,,1k/3ek3_A.json
3egq_A,,,1k/3egq_A.json
3ech_C,,,1k/3ech_C.json
3e6y_D,,,1k/3e6y_D.json
3e3u_A,,,1k/3e3u_A.json
3dzv_A,,,1k/3dzv_A.json
3dyd_A,,,1k/3dyd_A.json
3dxd_A,,,1k/3dxd_A.json
3ds1_T,,,1k/3ds1_T.json
3dr1_B,,,1k/3dr1_B.json
3dpl_C,,,1k/3dpl_C.json
3dpc_C,,,1k/3dpc_C.json
3dnj_C,,,1k/3dnj_C.json
3dep_B,,,1k/3dep_B.json
3dan_A,,,1k/3dan_A.json
3d8a_T,,,1k/3d8a_T.json
3d00_A,,,1k/3d00_A.json
3cvn_B,,,1k/3cvn_B.json
3cv0_B,,,1k/3cv0_B.json
3cue_N,,,1k/3cue_N.json
3cp3_A,,,1k/3cp3_A.json
3col_A,,,1k/3col_A.json
3coj_K,,,1k/3coj_K.json
3ccf_B,,,1k/3ccf_B.json
3cax_A,,,1k/3cax_A.json
3c9h_B,,,1k/3c9h_B.json
3c6k_D,,,1k/3c6k_D.json
3c17_B,,,1k/3c17_B.json
3bzw_A,,,1k/3bzw_A.json
3bz5_A,,,1k/3bz5_A.json
3bxn_C,,,1k/3bxn_C.json
3bww_A,,,1k/3bww_A.json
3bt4_A,,,1k/3bt4_A.json
3bpx_A,,,1k/3bpx_A.json
3boq_B,,,1k/3boq_B.json
3bhq_A,,,1k/3bhq_A.json
3bej_F,,,1k/3bej_F.json
3bed_A,,,1k/3bed_A.json
3bci_A,,,1k/3bci_A.json
3b9e_A,,,1k/3b9e_A.json
3b7y_B,,,1k/3b7y_B.json
3b7f_A,,,1k/3b7f_A.json
3b4r_A,,,1k/3b4r_A.json
3ax2_F,,,1k/3ax2_F.json
3ani_A,,,1k/3ani_A.json
3afo_A,,,1k/3afo_A.json
3afl_A,,,1k/3afl_A.json
3add_A,,,1k/3add_A.json
3a8e_C,,,1k/3a8e_C.json
3a58_A,,,1k/3a58_A.json
3a07_B,,,1k/3a07_B.json
2zy4_F,,,1k/2zy4_F.json
2zkz_C,,,1k/2zkz_C.json
2z9i_I,,,1k/2z9i_I.json
2z0b_C,,,1k/2z0b_C.json
2yzq_A,,,1k/2yzq_A.json
2yvc_F,,,1k/2yvc_F.json
2yu2_A,,,1k/2yu2_A.json
2yj4_B,,,1k/2yj4_B.json
2yim_A,,,1k/2yim_A.json
2yfb_B,,,1k/2yfb_B.json
2ya1_A,,,1k/2ya1_A.json
2y6s_P,,,1k/2y6s_P.json
2y65_Y,,,1k/2y65_Y.json
2y3l_C,,,1k/2y3l_C.json
2y35_A,,,1k/2y35_A.json
2y29_A,,,1k/2y29_A.json
2xvz_A,,,1k/2xvz_A.json
2xqh_A,,,1k/2xqh_A.json
2xl2_C,,,1k/2xl2_C.json
2xg4_A,,,1k/2xg4_A.json
2x53_S,,,1k/2x53_S.json
2x4n_C,,,1k/2x4n_C.json
2x0l_A,,,1k/2x0l_A.json
2wzk_A,,,1k/2wzk_A.json
2wzf_A,,,1k/2wzf_A.json
2wy3_B,,,1k/2wy3_B.json
2ww8_A,,,1k/2ww8_A.json
2wsu_B,,,1k/2wsu_B.json
2wns_B,,,1k/2wns_B.json
2wgp_A,,,1k/2wgp_A.json
2w3z_A,,,1k/2w3z_A.json
2w2s_A,,,1k/2w2s_A.json
2w2r_A,,,1k/2w2r_A.json
2vr0_B,,,1k/2vr0_B.json
2vq3_A,,,1k/2vq3_A.json
2vlg_C,,,1k/2vlg_C.json
2vbx_A,,,1k/2vbx_A.json
2vak_L,,,1k/2vak_L.json
2rky_C,,,1k/2rky_C.json
2rkk_A,,,1k/2rkk_A.json
2rfb_A,,,1k/2rfb_A.json
2r76_A,,,1k/2r76_A.json
2r03_B,,,1k/2r03_B.json
2qzj_A,,,1k/2qzj_A.json
2qv5_A,,,1k/2qv5_A.json
2qv0_A,,,1k/2qv0_A.json
2qjg_A,,,1k/2qjg_A.json
2qhb_A,,,1k/2qhb_A.json
2pz1_A,,,1k/2pz1_A.json
2px7_A,,,1k/2px7_A.json
2pm6_C,,,1k/2pm6_C.json
2pkh_B,,,1k/2pkh_B.json
2pk3_A,,,1k/2pk3_A.json
2pe4_A,,,1k/2pe4_A.json
2pc4_H,,,1k/2pc4_H.json
2p5i_A,,,1k/2p5i_A.json
2p0w_Q,,,1k/2p0w_Q.json
2p06_B,,,1k/2p06_B.json
2os2_C,,,1k/2os2_C.json
2ooe_A,,,1k/2ooe_A.json
2olm_A,,,1k/2olm_A.json
2ohe_A,,,1k/2ohe_A.json
2oh3_A,,,1k/2oh3_A.json
2og6_A,,,1k/2og6_A.json
2odk_A,,,1k/2odk_A.json
2ob9_A,,,1k/2ob9_A.json
2o94_A,,,1k/2o94_A.json
2o6w_A,,,1k/2o6w_A.json
2nz2_A,,,1k/2nz2_A.json
2nxd_P,,,1k/2nxd_P.json
2nwb_A,,,1k/2nwb_A.json
2nvw_A,,,1k/2nvw_A.json
2nuu_D,,,1k/2nuu_D.json
2npa_B,,,1k/2npa_B.json
2jfn_A,,,1k/2jfn_A.json
2jb1_A,,,1k/2jb1_A.json
2jap_C,,,1k/2jap_C.json
2ixd_A,,,1k/2ixd_A.json
2inp_A,,,1k/2inp_A.json
2ilm_S,,,1k/2ilm_S.json
2ig3_A,,,1k/2ig3_A.json
2ifa_B,,,1k/2ifa_B.json
2id4_D,,,1k/2id4_D.json
2ibg_A,,,1k/2ibg_A.json
2i7g_B,,,1k/2i7g_B.json
2i2c_A,,,1k/2i2c_A.json
2hyt_A,,,1k/2hyt_A.json
2hwj_A,,,1k/2hwj_A.json
2hw4_A,,,1k/2hw4_A.json
2huj_A,,,1k/2huj_A.json
2hqy_A,,,1k/2hqy_A.json
2hi8_P,,,1k/2hi8_P.json
2hh6_A,,,1k/2hh6_A.json
2h1i_A,,,1k/2h1i_A.json
2gs5_A,,,1k/2gs5_A.json
2go8_A,,,1k/2go8_A.json
2gnp_A,,,1k/2gnp_A.json
2gkw_B,,,1k/2gkw_B.json
2gk4_A,,,1k/2gk4_A.json
2gaj_A,,,1k/2gaj_A.json
2g9g_A,,,1k/2g9g_A.json
2g1t_G,,,1k/2g1t_G.json
2flz_A,,,1k/2flz_A.json
2flk_B,,,1k/2flk_B.json
2fgt_A,,,1k/2fgt_A.json
2f98_C,,,1k/2f98_C.json
2f4i_B,,,1k/2f4i_B.json
2f1k_A,,,1k/2f1k_A.json
2exu_A,,,1k/2exu_A.json
2ewm_B,,,1k/2ewm_B.json
2ewb_A,,,1k/2ewb_A.json
2e76_G,,,1k/2e76_G.json
2e18_A,,,1k/2e18_A.json
2dyt_A,,,1k/2dyt_A.json
2df4_C,,,1k/2df4_C.json
2c5v_F,,,1k/2c5v_F.json
2c29_F,,,1k/2c29_F.json
2bs4_F,,,1k/2bs4_F.json
2bng_C,,,1k/2bng_C.json
2bdq_A,,,1k/2bdq_A.json
2abk_A,,,1k/2abk_A.json
2a2l_A,,,1k/2a2l_A.json
1zkd_A,,,1k/1zkd_A.json
1zjj_B,,,1k/1zjj_B.json
1zd0_A,,,1k/1zd0_A.json
1z7e_D,,,1k/1z7e_D.json
1yyp_B,,,1k/1yyp_B.json
1ywt_C,,,1k/1ywt_C.json
1ytv_M,,,1k/1ytv_M.json
1yq2_A,,,1k/1yq2_A.json
1ylx_A,,,1k/1ylx_A.json
1yhq_3,,,1k/1yhq_3.json
1ygu_C,,,1k/1ygu_C.json
1ydw_B,,,1k/1ydw_B.json
1y0z_B,,,1k/1y0z_B.json
1xvi_B,,,1k/1xvi_B.json
1xqj_A,,,1k/1xqj_A.json
1xkr_A,,,1k/1xkr_A.json
1xkp_B,,,1k/1xkp_B.json
1xkf_B,,,1k/1xkf_B.json
1xhn_A,,,1k/1xhn_A.json
1xdo_A,,,1k/1xdo_A.json
1x1e_A,,,1k/1x1e_A.json
1x19_A,,,1k/1x19_A.json
1wr8_B,,,1k/1wr8_B.json
1w9p_A,,,1k/1w9p_A.json
1w70_C,,,1k/1w70_C.json
1w2b_D,,,1k/1w2b_D.json
1vzq_I,,,1k/1vzq_I.json
1vyh_M,,,1k/1vyh_M.json
1vq3_C,,,1k/1vq3_C.json
1vdm_G,,,1k/1vdm_G.json
1vbd_0,,,1k/1vbd_0.json
1vav_A,,,1k/1vav_A.json
1uoz_A,,,1k/1uoz_A.json
1u6i_A,,,1k/1u6i_A.json
1u17_A,,,1k/1u17_A.json
1tw6_D,,,1k/1tw6_D.json
1tvh_C,,,1k/1tvh_C.json
1tqe_X,,,1k/1tqe_X.json
1ted_A,,,1k/1ted_A.json
1tdj_A,,,1k/1tdj_A.json
1t9h_A,,,1k/1t9h_A.json
1t79_B,,,1k/1t79_B.json
1sza_Z,,,1k/1sza_Z.json
1sqm_A,,,1k/1sqm_A.json
1sef_A,,,1k/1sef_A.json
1r7l_B,,,1k/1r7l_B.json
1r6v_A,,,1k/1r6v_A.json
1r5o_A,,,1k/1r5o_A.json
1r26_A,,,1k/1r26_A.json
1qyi_A,,,1k/1qyi_A.json
1qsf_C,,,1k/1qsf_C.json
1qb3_B,,,1k/1qb3_B.json
1q7t_A,,,1k/1q7t_A.json
1q5z_A,,,1k/1q5z_A.json
1q40_A,,,1k/1q40_A.json
1q19_A,,,1k/1q19_A.json
1q05_B,,,1k/1q05_B.json
1pgv_A,,,1k/1pgv_A.json
1peg_Q,,,1k/1peg_Q.json
1paq_A,,,1k/1paq_A.json
1p9u_G,,,1k/1p9u_G.json
1p16_C,,,1k/1p16_C.json
1ou0_B,,,1k/1ou0_B.json
1ol2_F,,,1k/1ol2_F.json
1ol2_E,,,1k/1ol2_E.json
1oby_Q,,,1k/1oby_Q.json
1oai_A,,,1k/1oai_A.json
1o20_A,,,1k/1o20_A.json
1nyq_B,,,1k/1nyq_B.json
1nrk_A,,,1k/1nrk_A.json
1nps_A,,,1k/1nps_A.json
1nlt_B,,,1k/1nlt_B.json
1nlq_A,,,1k/1nlq_A.json
1n2d_C,,,1k/1n2d_C.json
1n0x_P,,,1k/1n0x_P.json
1mr1_C,,,1k/1mr1_C.json
1mgw_A,,,1k/1mgw_A.json
1m8n_A,,,1k/1m8n_A.json
1m4h_C,,,1k/1m4h_C.json
1lf6_A,,,1k/1lf6_A.json
1kkq_E,,,1k/1kkq_E.json
1kjm_P,,,1k/1kjm_P.json
1kdg_B,,,1k/1kdg_B.json
1kcf_A,,,1k/1kcf_A.json
1kap_I,,,1k/1kap_I.json
1k66_A,,,1k/1k66_A.json
1jr2_A,,,1k/1jr2_A.json
1jlr_A,,,1k/1jlr_A.json
1jdn_A,,,1k/1jdn_A.json
1jad_A,,,1k/1jad_A.json
1ir3_B,,,1k/1ir3_B.json
1ib1_E,,,1k/1ib1_E.json
1iak_P,,,1k/1iak_P.json
1i1r_B,,,1k/1i1r_B.json
1hss_A,,,1k/1hss_A.json
1h97_A,,,1k/1h97_A.json
1gxc_B,,,1k/1gxc_B.json
1gvn_A,,,1k/1gvn_A.json
1gui_A,,,1k/1gui_A.json
1gjw_A,,,1k/1gjw_A.json
1g1s_C,,,1k/1g1s_C.json
1g0y_I,,,1k/1g0y_I.json
1fvp_A,,,1k/1fvp_A.json
1fvo_A,,,1k/1fvo_A.json
1fhv_A,,,1k/1fhv_A.json
1fdi_A,,,1k/1fdi_A.json
1fcu_A,,,1k/1fcu_A.json
1ezj_A,,,1k/1ezj_A.json
1ex4_A,,,1k/1ex4_A.json
1ejh_G,,,1k/1ejh_G.json
1e54_B,,,1k/1e54_B.json
1de7_A,,,1k/1de7_A.json
1cr5_A,,,1k/1cr5_A.json
1cf5_A,,,1k/1cf5_A.json
1cen_A,,,1k/1cen_A.json
1c8o_A,,,1k/1c8o_A.json
1c7j_A,,,1k/1c7j_A.json
1c4u_3,,,1k/1c4u_3.json
1boh_A,,,1k/1boh_A.json
1b8h_D,,,1k/1b8h_D.json
1b8a_A,,,1k/1b8a_A.json
1aol_A,,,1k/1aol_A.json
1a37_P,,,1k/1a37_P.json
1a0i_A,,,1k/1a0i_A.json
